序号,问题描述,优先级,问题类型,系统分类,提出人,提出时间,是否需要解决,期望解决时间,问题状态,责任人,问题原因,详细原因分类,问题归类,版本解决时间,版本规划,问题标记,问题标记说明,计划优先,备注,截图,截图1,是否实验室漏测,验证结果,截图2,月份,回归情况截图1,回归情况截图2,预计修复版本,2025/8/14,,,,,,,
1,综合搜索的-email协议的邮件体内容的展示为空，下载下来可以正常展示,高,功能问题,维度服务,周超,2025/7/7,是,2025/7/10,已关闭,@汪凯@程万鹏,,,,,B11-731,影响验收,"1、维度服务问题；
2、email是客户重点关注数据；",1,, ,4ff6d20d566bf65c4cceb7115bfe4ca7 (2).eml,,,,7月,,,,,,,,,,,
2,如图所示，号码213659446400给号码213 654731472发了一个短信，两个号码均在白名单。其号码通话地展示错误,高,功能问题,全系统,周超,2025/7/8,是,2025/7/10,已关闭,@李中华@彭霞,"调整下点码的判断方案
@周超没明白你这个问题，2个213的不都是A国号码吗？ 归属地相同国家会自动隐藏。-zww
A国的点码和韩国的冲突导致的，需要尽快出方案解决，占比大概30%，非YJ还原问题。
7-30：点码问题解决，白名单的遗留",数据问题,,,B11i02,影响验收,1、归属地判断的准确性；,2,, ,,,,,7月,,,,,,,,,,,
3,"综合搜索详情页中源IP地址，目的IP地址 这两个字段展示多余。
孙久增决策：这两个字段隐藏掉，所有协议，全系统修改",高,易用性问题,全系统,周超,2025/7/8,是,2025/7/10,已关闭,@郜业涛@熊凯@李中华@张伟伟,"7-8：孙久增决策：这两个字段隐藏掉，所有协议，全系统修改
0709：搜索已修改
7-11：验证已修正",,,,,,,1,, ,,,,,7月,,,,,,,,,,,
4,"192.168.13.64/65,设备信息中设备角色为空，但服务监控图表中有服务进程 。",高,数据问题,网管系统,郜业涛,2025/7/8,是,2025/7/9,已关闭,@曹洋,,,,,,,,,, ,,,,,7月,,,,,,,,,,,
5,如图所示，短信详情页中，通信地、通信方向，应该是根据短信中点码进行分析出来，需要在页面展示点码信息,高,功能问题,全系统,周超,2025/7/8,是,2025/7/10,已关闭,@郜业涛@熊凯@李中华,"不是问题，OPC/DPC字段即为短信的A/B方点码，已经在页面展示，
同时A/B方点码对应的通信地也已经作为标签在数据下发展示，请确认@周超
7-12：是不是不对啊，所有的通信地都是Corée du Sud （韩国）@李中华
lizh: 当前A国国内运营商的点码93XX/94XX与韩国的点码冲突了，导致显示的是韩国，这部分数据大概有30%
7-14：@李中华@张伟伟 孙久增决策，去掉按照点码判断通信地这个功能，相关页面标签隐藏掉。【应该只是短信把】
7-27：综合搜索系统已经验证生效。案件系统暂未生效。",,,,B11i02,影响验收,点码计算不准确，容易误导用户,2,, ,,,,,7月,,,,,,,,,,,
6,OSS设备详情不应该展示设备指标页签，凡是只监控是否在线的这一个指标的设备，其详情页都不应该展示设备指标页签,中,易用性问题,网管系统,郜业涛,2025/7/8,是,2025/7/17,新建,@李建华,,,,,B11i03,不影响验收,,,, ,,,,,7月,,,,,,,,,,,
7,7-8日前置接入出现数据积压及报错现象,高,稳定性问题,前置接入,周超,2025/7/8,是,2025/7/17,已发布现场,@李思行,初步定位为XY插件包，对json处理出现了死循环导致内存飙升，影响前置服务运行。,,,7.31,B11-731,影响验收,容易导致数据丢失，业务不一致,1,, ,,,,,7月,,,,,,,,,,,
8,相同NF-IAM服务，不同部署IP默认选中的进程不一样。是什么逻辑规则？这样会出现某些IP默认展示的服务指标全是0，业务效果不好。,中,易用性问题,网管系统,郜业涛,2025/7/9,否,2025/7/17,处理中,@李建华@曹洋@胡华伟,"@李建华这是不是bug？，7月15日@张伟伟这个不是bug
@郜业涛确认一下公司的当前效果是否符合你的预期
@周超@李建华未解决，就不符合预期啊；问题描述中已经写清楚了影响的业务效果",非问题,,,B11-807,不影响验收,,,, , ,,,,7月,,,,,,,,,,,
9,综合搜索sms详情页面，b方号码没有国家码，查看ods详情如图所示，b_number没有国家码但是b_number_format正常。 我们搜索结果页面取值字段是否不正确？,高,易用性问题,综合搜索,周超,2025/7/9,是,2025/7/10,已关闭,@郜业涛@熊凯@李中华@彭霞,"@周超取值没有问题，早期定义就是如此。针对0开头的号码治理组已经在做一个处理把国家码打上
6-11：不对啊，治理组既然已经打上了国家码，为什么页面上展示的也是没有打上国家码的数据呢？@李中华@郜业涛@熊凯
治理版本统一修改",需求优化,,7.31,B11i03,不影响验收,,2,, , ,,,,7月,,,,,,,,,,,
10,厂商的产品流量分析系统和清洗系统的英文名称不合适，应分别改为DDoS Probe System，DDoS Mitigation System,高,易用性问题,DDoS系统,孙久增,2025/7/9,是,2025/7/17,已处理,@鲍林@刘炯,需要升级ZXWA系统版本,,,,B11i02,不影响验收,,1,,,,,,,7月,,,,,,,,,,,
11,terminal协议的数据导出当前页失败,高,功能问题,综合搜索,周超,2025/7/9,是,2025/7/10,已关闭,@彭霞@熊浩,"
原因：导出搜索条件处理错误，需要将特征类型字段hardware_typeField : (2*) 转换为实际的特征字段搜索(mac/imei/imsi)
修改方式：将查询条件中的特征字段转换为实际的字段进行搜索
影响范围：高级搜索terminal协议的数据导出功能",漏测,,,,影响验收,,1,, , ,,,,7月,,,,,,,,,,,
12,流速可以不保留小数点，进行优化,高,易用性问题,网管系统,孙久增,2025/7/9,是,2025/7/10,已关闭,@李建华@曹洋,"7-12：流速小数点不用要
@周超@沈涛解决方案为最多保留2位小数，同问题675",,,,B11i02,影响验收,易用性差,2,, ,,,,,7月,,,,,,,,,,,
13,机房信息需要按照局点信息进行排列：MC、Benaknoun、Djamila、Annaba、oran,中,易用性问题,网管系统,孙久增,2025/7/9,是,2025/7/10,新建,@李建华@曹洋,,,,,B11i03,不影响验收,,,, ,,,,,7月,,,,,,,,,,,
14,网管首页实时流速，有异常高的点,高,数据问题,网管系统,沈涛,2025/7/12,是,2025/7/14,已关闭,@李建华@曹洋,沈涛：现场已分析，是链路流速统计上来的数据异常。需要加上判定条件，100G的链路不能超过160Gbps,,,,B11i02,影响验收,容易引发用户误会,1,, ,,,,,7月,,,,,,,,,,,
15,综合搜索种兴趣排序功能，使用liuhao、zhouchao两个账号排序结果一样的，不符合情况,高,功能问题,综合搜索,周超,2025/7/9,是,2025/7/10,处理中,@彭霞@熊浩@沈涛,"@沈涛这个问题你在现场排查下。
@周超为啥是空格搜索下判断呢
汪凯：综合搜索的代码bug，兴趣分的算法将所有的兴趣分都置为了1.5。这样导致兴趣排序不生效了",已知问题,,8.07,B11i03,影响验收,,1,, , ,,,,7月,,,,,,,,,,,
16,DEYE6.2案件命中结果迁移到DEYE6.4之后，发现部分email命中的eml文件缺失。,高,功能问题,案件系统,周超,2025/7/13,是,2025/7/10,已关闭,@刘浩@沈涛,迁移部署实施问题，已修复,部署实施问题,0717：没有写原因，无法分类@李中华,,,影响验收,,1,, , ,,,,7月,,,,,,,,,,,
17,应用档案chatgpt一天使用的移动用户太少了，只有几十个，不正常。，统计近10天的用户数据量如下所示,高,部署问题,全息档案,周超,2025/7/13,是,2025/7/10,新建,@孙久增,,,,,B11i03,影响验收,,2,, , ,,,,7月,,,,,,,,,,,
18,帮忙分析是否可能从ods_nf_url 建应用档案？,高,部署问题,全息档案,周超,2025/7/13,是,2025/7/10,已关闭,@黄文俊@郭丽君@充艺渴,20250714，hwj:应用档案会基于 ods_nf_url  的应用名称和类型构建,非问题,,,,,,1,,,,,,,7月,,,,,,,,,,,
19,dwd_pr_telnet任务异常，资源需要调大,高,配置问题,数据治理,沈涛,2025/7/14,是,2025/7/14,现场持续观察,@充艺渴@刘浩,7-14，cyk：telnet任务tm资源调整为8G，现场进行观察,,,,,影响验收,,1,, ,,,,,7月,,,,,,,,,,,
20,"dwd_pr_http任务异常，性能不足，观察sink-es和hbase并行度为1,目前积压20亿数据",高,部署问题,数据治理,沈涛,2025/7/14,是,2025/7/14,现场持续观察,@充艺渴@刘浩,7-14，cyk：问题已经定位到，是家里发版本时，ES和hbase资源配置不合理，7月10日升级后出现性能问题，目前已经解决，进行观察。@沈涛,,,,,影响验收,,1,, ,,,,,7月,,,,,,,,,,,
21,ES集群近几天均出现分片迁移现象，导致集群状态在yellow和green来回切换，迁移还是从translog中恢复,高,稳定性问题,基础容器,沈涛,2025/7/14,是,2025/7/14,现场持续观察,,,,,,,影响验收,,1,, ,,,,,7月,,,,,,,,,,,
22,网管服务监控，Oracle应该是套件服务，配置错误，导致服务离线数为-4,中,配置问题,网管系统,沈涛,2025/7/14,是,2025/7/14,已关闭,@李建华@曹洋,沈涛：已和家里沟通，进行套件配置修改，下个版本一并发到现场,,,,,影响验收,,1,, ,,,,,7月,,,,,,,,,,,
23,NF信息中心，网卡宽带类型均为10G，实际部分设备是100G的宽带,高,功能问题,NF信息中心,沈涛,2025/7/14,是,2025/7/14,已关闭,@李中华@李建华,"@沈涛排查下现场这个设备的网管中配置的网卡是多大？我印象中该数据取的网管系统吧
沈涛：已和家里沟通，现场提供配置表，网管进行适配,NF信息中心可以不修改",,,,B11i02,不影响验收,,2,, ,,,,,7月,,,,,,,,,,,
24,综合搜索，只选Mobile Radius，按照移动运营商过滤，并且按照采集时间倒排序，发现最新数据时间相差2个小时,高,功能问题,综合搜索,周超,2025/7/14,是,2025/7/14,处理中,@熊浩@李中华,沈涛：经排查最新的数据是有的，但是由于teminateAfter参数控制导致获取不到最新数据。建议在使用时间倒排场景，优化这个参数控制，因为时间倒排说明用户想看到最新准确数据。@熊浩@充艺渴@李中华,已知问题,,,B11i03,影响验收,会导致客户无法查询到最新数据,2,, ,,,,,7月,,,,,,,,,,,
25,"多个模糊线索有包含关系时只命中一个，不会多个同时命中
用户下发21366*， 213664789*，只有1个线索命中",高,功能问题,案件系统,周超,2025/7/14,是,2025/7/14,新建,@李中华@彭霞,实验室已知问题，不影响用户使用，用户创建的线索都是完整的号码，没有包含关系,已知问题,,,B11-731,不影响验收,,,,,,,,,7月,,,,,,,,,,,
26,当前播放器剪切功能失败，经过排查，发现ffpng未部署,高,部署问题,播放器,周超,2025/7/14,是,2025/7/14,已关闭,@李中华,7-14：明天沈涛协助进行部署@沈涛,部署实施问题,,,,影响验收,,1,,,,,,,7月,,,,,,,,,,,
27,"群组挖掘的任务的数据和综合搜索的数据不一致，初步从数据上来看，群组挖掘的数据重复了应该。
群组挖掘条件：sms 213671244227，7-13
挖掘出来对比搜索：213658633172 AND 213671244227 7-13",高,稳定性问题,群组挖掘,周超,2025/7/14,是,2025/7/14,新建,@李建华@沈涛,沈涛：群组的数据并无重复，而应该是搜索丢数据。ODS查询也是有重复的。@充艺渴@刘浩,,,,B11i04,影响验收,,2,, , , ,, ,7月,,,,,,,,,,,
28,"综合搜索高亮效果差。综合搜索词：s.benblidia@gmail.com AND s.henni@dahli-dz.com
  选择时间为7-13;如果不用and单独搜索，效果较好，不会进行分词命中",高,功能问题,综合搜索,周超,2025/7/14,是,2025/7/14,已关闭,@沈涛@熊浩,"沈涛：高亮逻辑未优化这个场景，需要进行适配，保持和搜索单完整账号一样的效果，去除短词的高亮。@熊浩@李中华
7-15需要明确下规则，目前主观性判断。改不彻底。@李中华@彭霞",漏测,0717：高亮处理逻辑混乱,8.7,B11i02,不影响验收,,2,, ,,,,,7月,,,,,,,,,,,
29,"下发群组任务如下图所示：s.benblidia@gmail.com
时间选择为：7-13
综合搜索查询条件：s.benblidia@gmail.com AND s.henni@dahli-dz.com 7-13
群组的数据量比搜索的多。",高,稳定性问题,群组挖掘,周超,2025/7/14,是,2025/7/14,新建,@李建华@沈涛,,,,,B11i04,影响验收,,2,, , , ,,,7月,,,,,,,,,,,
30,天算ads_report_flux_time失败一次，重跑成功,高,稳定性问题,数据治理,周超,2025/7/14,是,2025/7/14,现场持续观察,@刘浩@沈涛@刘兴美,"沈涛：经分析该任务第一次跑失败，第二次成功。失败原因为写Doris发生版本超限问题。let error: tablet writer write failed, tablet_id=97509268, txn_id=61727854, err=[E-235]failed to init rowset builder. version count: 2003, exceed limit: 2000, tablet: 97509268, host: 192.168.15.66""。  建议措施为，适当降低写入并发批次，优化该任务@充艺渴@刘浩@周超
7.21刘浩：已调整写入批次和超时时间，持续观察",,,,,影响验收,,1,,,,,,,7月,,,,,,,,,,,
31,网管alarm日志打印过多，影响性能及日志可读性,中,稳定性问题,网管系统,沈涛,2025/7/15,是,2025/7/18,新建,@李建华@曹洋,,,,,B11i03,不影响验收,,,, ,,,,,7月,,,,,,,,,,,
32,voip ods层统计包含file path文件的的voip数据近20天走势呈明显下降趋势【总量数据没变还有上升】。结合案件线索语音拨测数据命中不了，海量也查不到数据。需要公司提供方式进行排查。,高,稳定性问题,YJ还原,周超,2025/7/15,是,2025/7/16,待现场确认,@充艺渴@李中华,"7-15：请@充艺渴@李中华尽快跟进协查这个事情7-17，cyk：该问题原因现场已经查明，主要是分局的VoIP流量传回至主局的NGIS.NT时携带有ESPRAN头，导致无法正常输出给YJ系统。该问题转到耀武团队进行处理，现场跟进@孙久增@周超
7-30：最新情况容灾系统输出的还原情况和正常线路不一致，此问题打开继续跟踪。
持续追踪",,,,B11i02,影响验收,数据存在不合理影响客户业务,1,, , ,,,,7月,,,,,,,,,,,
33,nfsystem-web的慢sql问题，如截图所示,高,稳定性问题,案件系统,周超,2025/7/15,是,2025/7/16,已关闭,@充艺渴@李中华,沈涛：现场已分析，是由于该SQL带了lower函数，导致没有命中索引。 需进行修改。本身该表的user_name已经做了转小写的归一化处理，查询时不要再带该函数。测试不带查询仅75ms，带上30+s@李中华 另外需要评估该事项影响,性能问题,,,,影响验收,,1,, ,,,,,7月,,,,,,,,,,,
34,案件的实时目标的 nf的数据中又一些Alert的动作页面，需要处理隐藏掉,高,易用性问题,案件系统,周超,2025/7/15,是,2025/7/16,已关闭,@李中华@彭霞@汪俊杰,7.25的版本修复,需求优化,,,B11i02,影响验收,全系统已去掉alert，需要保持一致。避免引起客户误解,1,, , ,,,,7月,,,,,,,,,,,
35,天算所有任务不调度，排查后是QKlinsense报错问题,高,稳定性问题,QK平台,周超,2025/7/16,是,2025/7/16,已关闭,@充艺渴,"原因是QKlinsense报错，重启后均回复
7-17，cyk：该问题当前已经与XY沟通对齐，持续跟进问题解决。
计划8-14进行升级",,,,B11i02,影响验收,影响CBP系统稳定性,1,,,,,,,7月,,,,,,,,,,,
36,目标专题生产的nf数据明细为空，沈涛初步排查发现是因为ip归属地字段长度超长，导致数据查不到,高,功能问题,目标数据调取专题,周超,2025/7/15,是,2025/7/16,已关闭,@刘浩@郭丽君@沈涛,,实验室无测试条件,,,B11i02,影响验收,主流程问题，影响大,2,,,,,,,7月,,,,,,,,,,,
37,综合搜索中选择日期为18-07-2025 00:00 - 18-07-2025 23:59；选择http协议按照采集时间倒排，查询结果并不是最新的。,高,功能问题,综合搜索,周超,2025/7/15,是,2025/7/16,处理中,@沈涛@彭霞@熊浩,terminateAfter参数问题，已优化,,,8.7,B11i03,影响验收,会导致客户无法查询到最新数据,2,, ,,,,,7月,,,,,,,,,,,
38,PR出现丢包，丢包量较大，如图所示，总计涉及到33台pr；重启engine后解决，持续观察,高,功能问题,PR,周超,2025/7/18,是,2025/7/16,处理中,@袁海峰@程万鹏@充艺渴,7-22：目前针对一台192.168.12.78，进行丢包专项分析，xy给出措施并未解决,,,,B11i02,影响验收,稳定性容易丢数据和带来单向流数据不完整。,2,, , ,,,,7月,,,,,,,,,,,
39,"NF数据这两天延时较高，需要查一查，
初步排查，只有主局存在这个问题，【7-21持续排查】",高,功能问题,NF,周超,2025/7/20,是,2025/7/16,已关闭,@沈涛@刘浩,"1、请@沈涛配合刘浩查一查
7-21,cyk:分析23.238对应的7月20日采集适配器日志，发现7月19日的other_log和url存在延迟两个小时生成情况，该问题集中在NF-DC侧，存在一定的波动，怀疑是NF-DC处理性能不足@周超@孙久增
结合运维监控数据来看，A局点超过60分钟时延的情况，other_log为3亿，url为1亿
@沈涛 补充下解决原因",,,,B11i02,影响验收,会导致客户无法查询到最新数据,2,, ,,,,,7月,,,,,,,,,,,
40,如图所示，全息档案仍然存在dat超时的情况,高,功能问题,全息档案,周超,2025/7/20,是,2025/7/16,已关闭,@黄文俊@郭丽君,"1、这个dat还是会超时，不紧急，作为性能项慢慢优化
20250721，hwj: 请提供具体的业务场景和现场业务日志 @周超",已知问题,,,,不影响验收,,3,,,,,,,7月,,,,,,,,,,,
41,前直接入语种补全无数据,高,数据问题,数据治理,沈涛,2025/7/21,是,2025/7/23,已关闭,@李思行@程万鹏@充艺渴,"ODS DWD均无语种识别结果，见附图
0721，cyk：查询下6月20日前后的数据，死否存在语种信息@沈涛，用于排除是最近版本升级带来的问题
@充艺渴6月20日左右也无语种信息
Email已打开语种识别，需要评估效果@沈涛",部署实施问题,,,B11i03,不影响验收,,3,沈涛：前置接入部分开启，开启的无问题。email和短信均有语种标签，问题关闭,,,,,,7月,,,,,,,,,,,
42,voip数据恢复，任务页面这个时间粒度太粗了，需要到分钟级别,高,功能问题,voip数据恢复,周超,2025/7/21,是,2025/7/23,已关闭,@张伟伟@充艺渴,7-22，cyk：彭霞同学已经确认，不是问题，支持选择到分钟级,,,,,不影响验收,,,, ,,,,,7月,,,,,,,,,,,
43,"app应用的误识别问题：
如图所示，在专题系统中，识别到应用类型为IsAppCloud，应用名称为QQ；
用户反馈这个不对。 这个数据极少，近3天只有2条，需要推进SXF解决误识别的情况",高,数据问题,大事件专题,周超,2025/7/21,是,2025/7/23,新建,@充艺渴,SXF在处理,,,,B11i03,影响验收,,,,,,,,,7月,,,,,,,,,,,
44,voip数据恢复，案件命中入库doris报错，联系中华初步排查，最新的版本引入的bug，本周需要发版解决。--仅影响容灾系统,高,功能问题,voip数据恢复,周超,2025/7/22,是,2025/7/23,已关闭,@充艺渴@李中华@彭霞,现场未配置IP离线库导致的空指针问题。,部署实施问题,,,B11i02,影响验收,主流程不同,,, ,,,,,7月,,,,,,,,,,,
45,线索侦查结果页中，偶现eml文件无法下载，导致页面报错。 搜索系统无报错,高,功能问题,线索侦查,周超,2025/7/22,是,2025/7/23,已关闭,@沈涛 @李中华,"沈涛：线索侦查针对于解析失败的场景，不应该返给前端，造成eml不能下载。参考搜索，下载报文不能依赖报文解析结果。

李思行：维度解析报错会导致页面的正文无法下载的问题已经修改。至于维度服务报错的问题，放在问题46中修复",,,7.31,B11i03,,,,, ,,,,,7月,,,,,,,,,,,
46,综合搜索eml文件，无法解析，详情见附件的eml文件。,高,功能问题,维度服务,周超,2025/7/22,是,2025/7/23,重复打开,@李中华@彭霞@李思行,"维度服务解析报错，8/8发布版本 
8-14：目前观察仍然存在无法解析出来的情况，如右侧所示@李思行@戴升升@汪凯",,,7.31,B11i03,影响验收,应该能解析的文档没有解析。,,,c7dc72bd915e569375b738b8131c425f (6).eml, ,,,,7月,,,,"4cdcb9c383e87e6fd3d6c9862fcd530e (2).eml
：[2025-08-14 15:29:59.874][][deye-dimension-service][192.168.13.10][165348][http-nio-8055-exec-2][ERROR][com.semptian.protocol.analysis.parser.util.EmlUtils:278][parseEml][278]- parse eml error, ex: 0java.lang.ArrayIndexOutOfBoundsException: 0
",,,,,,,
47,"线索侦查结果页面，选择其中一页，进行数据导出，选择当初当前页，发现导出的数据和系统当页展示的数据无法一一完全对上，
这个问题搜索系统中等应该同样存在",高,功能问题,线索侦查,周超,2025/7/22,是,2025/7/23,已关闭,@李中华@彭霞@李思行,"同问题591
@汪俊杰俊杰协助修改一下，导出当前页改为指定id导出。涉及到线索侦查、综合搜索结果页、通话收藏、垃圾邮件的导出
8-4:给出原因分析及解决措施@李思行
@周超和搜索的原因一样，导出当前页会重新查询ES，可能会跟页面的对不上。解决方式也跟搜索一样，改为指定id导出，不再查询ES",,,7.31,B11i03,影响验收,会给客户带来错觉,,, , ,,,,7月,,,,,,,,,,,
48,"线索侦查的结果页数据导出中，部分数据会包含垃圾邮件数据。
但是线索侦查系统也没有过滤垃圾邮件数据功能，
叠加目前垃圾邮件的识别准确度也有问题。建议可以考虑不要把垃圾邮件作为导出字段",高,功能问题,线索侦查,周超,2025/7/22,是,2025/7/23,新建,@郜业涛@熊凯,,需求优化,,,B11i03,不影响验收,不是所有协议都需要打上语种。,,,,,,,,7月,,,,,,,,,,,
49,如图所示，任务名称为0705002，其最近的小时趋势统计和日趋势统计数据量不正确，需要排查清楚,高,功能问题,线索侦查,周超,2025/7/22,是,2025/7/23,处理中,@沈涛 @李中华@pengxia,"2个图的统计值对不上是正常的，
因为左侧的时段统计，是算的最近N天的小时平均值。
右侧的天统计是每天最后一刻的统计值，因侦查的数据量是覆盖更新模式，非累加模式，故2个图的值确实对不上。
当前的问题有2个：天统计时间顺序错误，天统计的数据取值错误，取得不一定是每天最后的一条。需要修复
8-2:需要持续观察.
8-14:小时趋势统计 这个页面是要表达什么意思，有点理解不了了。@彭霞@郜业涛",漏测,,7.31,B11i03,,,,, , ,,,,7月,,,,,,,,,,,
50,"如图所示，任务名称为0705002，其结果页为什么没有推荐出档案，
其它的线索有一些可以推荐出档案，我们需要弄清楚，哪些情况可以推荐出档案，哪些情况下不一定能推荐出档案",高,功能问题,线索侦查,周超,2025/7/22,是,2025/7/23,已处理,@沈涛 @李中华@pengxia,"wk:原因是deye-6.4没有hbase详情表，资源库也没有全息档案的字段，所以不存在 一些字段打标映射。故，6.4的线索侦查通过标签去创建的模型是推荐不出档案的。当前只有通过 关键词条件才能推荐出档案。
7-30：@郜业涛是否符合需求设计
7.31，gyt：全息当前版本已加入标签，通过标签推荐应该可行了@周超@张伟伟。请@汪凯@彭霞关注。
 ",需求优化,,7.31,B11i03,不影响验收,解释性问题,,, ,,,,,7月,,,,,,,,,,,
51,"如图所示，线索侦查的结果页中推荐数据和侦查结果页数据有什么区别？不都是按照模型搜索匹配出来的吗.
而且如右图所示，推荐的结果，有很多是标注为垃圾邮件的",高,功能问题,线索侦查,周超,2025/7/22,是,2025/7/23,处理中,@熊浩@郜业涛@熊凯@李思行,"@郜业涛线索侦查需求上是否要求过滤了垃圾邮件？如有没评估下是否过滤更合理。如需要需求变更先提出来。
7.23.gyt:线索侦查无过滤垃圾邮件的需求和功能。@周超@张伟伟
wk:推荐的数据是包含在侦查结果的数据中的。推荐的数据是根据用户的一些行为（有用、下载、查看详情等）操作更新用户的行为记录表。进行相似计算，排序后的前1千条数据。
7-30：那这样说，如果开启了模型自动更新，那岂不是和推荐的一样的效果？@汪凯
7-31：推荐依赖的画像不一样。一个是根据模型画像进行推荐排序。并包含离线召回的数据（有用无用的数据）。兴趣排序是依据用户画像进行排序。
8-10：这个地方已经没有兴趣排序了啊，我的意思是 推荐数据和模型相关排序有什么区别。@汪凯
8-11：汪凯：模型相关排序是Elasticsearch根据分词计算的相关度得到的排序。",需求优化,,7.31,B11i03,不影响验收,解释性问题,,, , ,,,,7月,,,,,,,,,,,
52,如图所示，线索侦查结果页中，兴趣排序和相关排序的区别？目前来看两者效果一致，未感受到明显区别,高,功能问题,线索侦查,周超,2025/7/22,是,2025/7/23,已关闭,@熊浩@郜业涛@熊凯,"@周超这个问题跟15问题单有什么区别？
 系统不一样，不确定逻辑是否都一样
线索侦查需关闭此功能，不再跟踪",重复问题,,,B11i03,影响验收,,,, ,,,,,7月,,,,,,,,,,,
53,如图所示，设置标签条件和规则条件明显冲突的情况，线索侦查结果页提示信息如图所示，没有权限，但是后台打印如图所示，提示模型不可用,高,功能问题,线索侦查,周超,2025/7/22,是,2025/7/23,已处理,@熊凯@彭霞@郜业涛@李思行,"方案和需求是否一致？@汪凯
7-31：和需求沟通后。改为，标签冲突不在提示“无权限”。且不会置为不可用模型。无权限才会提示“无权限”.详情见备注",需求优化,,8.7,B11i03,影响验收,,,B10需求评审时，项目决策把条件冲突检验移除；针对当前问题，不应该弹出提示（确实是因为权限问题引起，则仍需提示）@彭霞@周超@汪凯, , , ,,,7月,,,,,,,,,,,
54,前置接入数据保存目录未配置数据存储管理，会导致服务器磁盘占用高，需要处理解决，如kafka_size,中,功能问题,前置接入,充艺渴,2025/7/24,是,2025/8/11,已发布现场,@李思行@程万鹏@张伟伟,已提供脚本定时删除,,,8.8,B11-807,影响验收,,,,,,,,,7月,,,,,,,,,,,
55,综合搜索页面，对于收藏的voip语音数据，进行导出，导出失败，见截图所示,高,功能问题,综合搜索,周超,2025/7/22,是,2025/7/23,已关闭,@彭霞@沈涛@李思行,导出指定条目的收藏数据存在BUG,业务bug,,7.31,B11-731,,,,, , ,,,,7月,,,,,,,,,,,
56,攻击源无法获取,高,功能问题,DDoS系统,孙久增,2025/7/25,是,2025/7/31,已处理,@鲍林@刘炯,,,,,B11-731,影响验收,关键业务效果没有,,,,,,,,7月,,,,,,,,,,,
57,攻击事件点击详情，页面为空,高,功能问题,DDoS系统,孙久增,2025/7/25,是,2025/7/31,已处理,@鲍林@刘炯,,,,,B11-731,影响验收,,,,,,,,,7月,,,,,,,,,,,
58,上报了攻击日志，但未发现攻击事件,中,功能问题,DDoS系统,孙久增,2025/7/25,是,2025/7/31,处理中,@鲍林@刘炯,,,,,B11-731,影响验收,,,,,,,,,7月,,,,,,,,,,,
59,攻击日志、攻击事件、防护日志，三个页面数据对不上,中,功能问题,DDoS系统,孙久增,2025/7/25,是,2025/7/31,处理中,@鲍林@刘炯,,,,,B11-731,影响验收,,,,,,,,,7月,,,,,,,,,,,
60,"相同的被攻击IP，开始时间相差6秒，系统识别为两个攻击事件，实际应当是一个
正常的逻辑：相同的被攻击IP，攻击未结束时候，应该是一条",高,功能问题,DDoS系统,孙久增,2025/7/25,是,2025/7/31,处理中,@鲍林@刘炯,,,,,B11-731,影响验收,,,,,,,,,7月,,,,,,,,,,,
61,DDoS负载均衡需要支持两种：按照sip+dip和按照被攻击IP负载,低,功能问题,DDoS系统,孙久增,2025/7/25,是,2025/7/31,新建,@鲍林@刘炯,,,,,B11-731,不影响验收,,,,,,,,,7月,,,,,,,,,,,
62,目标调取专题中imsi和imei的位数限制太死，不能满足实际imsi和imei的范围,高,功能问题,目标数据调取专题,周超,2025/7/25,是,2025/7/31,处理中,@郭丽君@刘炯,"20250728，glj：IMSI和IMEI任务会先查ads_basic_mobile_radius_info，根据任务中的IMSI和IMEI查找对应的号码后再进行数据抽取，检查了表ads_basic_mobile_radius_info的长度限制是30，那这里修改为不校验长度，只根据输入的IMSI或者IMEI匹配号码，是否可行@熊凯@胡华伟@周超；
XK：长度限制30位是满足两码长度要求的，通用规格要求是需要限制输入长度的。不满足的场景可以提出来，调整长度限制 @周超
目前是限制仅为15位。无法满足现场的场景@熊凯@郭丽君，具体你们要限制多少，你们自己定就行，但是记得要满足 imsi和imei的国际标准范围
20250729，glj：与需求沟通，这里只做超长限制，即最大长度不超过30位，低于或等于30位即可进行下一步@李建华@黄文俊请规划版本计划",需求优化,,,B11-731,不影响验收,需要优化业务效果，非验收系统,,, , ,,,,7月,,,,,,,,,,,
63,目标调取中目标调取中imei类型不需要，需要去掉。,高,功能问题,目标数据调取专题,孙久增,2025/7/25,是,2025/7/31,处理中,@郭丽君@刘炯@熊凯,"20250728,glj：@周超请问去掉的依据是什么？
@郭丽君这个是孙久增提的，他说用户不会这么用
20250729，glj：@熊凯如上，请更新需求规格，我这里也提单跟踪；@李建华@黄文俊请规划版本计划",需求优化,,,B11-731,不影响验收,需要优化业务效果，非验收系统,,, ,,,,,7月,,,,,,,,,,,
64,线索侦查结果中的兴趣排序不需要，先隐藏掉,高,功能问题,线索侦查,孙久增,2025/7/25,是,2025/7/31,已关闭,@彭霞@李中华,@汪俊杰需要在前端进行隐藏,需求优化,,7.31,B11-731,,,,, ,,,,,7月,,,,,,,,,,,
65,案件实时侦听需要先打开侦听页面才能监听，如果拨打途中再打开实时侦听，无法进行实时监听,高,功能问题,案件系统,孙久增,2025/7/25,是,2025/7/31,处理中,@彭霞@李中华,"当前版本不支持，摘机后是没有推送信令的，故无法监听。
修改方式：针对实时监控通话中再打开页面的场景，YJ那边有个周期消息可以支持这种场景，但展示效果会比较差，页面只有一个播放按钮，没有号码IMSI信息，我们之前没有处理evttype=C的消息，现在需要读取这种消息，更新下通道号，如果页面是空白就新增一条，通道号不为空时显示播放器按钮。",需求优化,已知问题,,B11-807,影响验收,限制多，不友好,,, ,,,,,7月,,,,,,,,,,,
66,"号码档案：213668138922其最近活跃区域都是Allemagne，但是查询最近两天7-27和7-28的数据srcip归属都是Algérie；考虑这个最近活跃区域识别的有问题。需要排查。
而且在号码档案筛选框有按照活跃地筛选。业务效果不好",高,功能问题,全息档案,周超,2025/7/28,是,2025/7/31,处理中,@郭丽君@刘炯@沈涛,20250729，glj：(1)活跃区域生成规则为：取关联的pr数据、mobile_radius、call、fax数据的源IP国家，取最新一条数据的源IP国家，根据图2、3可看出查看的都是PR最新，请检查下mobile_radius、call、fax最新数据的源IP国家@周超(2)这里有一个时效性问题，即档案活跃地查询是从ES获取档案，活跃地筛选项是从statistics表获取(所有，包括未建档的)，ES信息是滞后statistics的，这可能会导致ES存储结果与statistics表不一致，导致最终查不到相关档案，或者查到的档案详情页展示的活跃地与档案查询时活跃地不匹配@黄文俊@熊凯@周超，昨天沟通的活跃地时效性问题请看解释(2),实验室无测试条件,,,,影响验收,,,, , , ,,,7月,,,,,,,,,,,
67,"sns协议的用户账号密码均为乱码，无法还原出来，后面随机导出一页的数据所示。
全息档案也会使用其作为虚拟账号，业务效果差。如果无法解决，建议数据平台置空",高,功能问题,数据治理,周超,2025/7/28,待定,2025/7/31,新建,@彭霞@充艺渴@程万鹏,,,,,,影响验收,,,, , ,search-20250728152112977.zip,,,7月,,,,,,,,,,,
68,如图所示，email档案中lis记录中发件箱的数据为空，业务效果，不好，经过对比综合搜索详细排查，发现该条数据的动作类型虽然是发件动作Envoyer un courriel；但是其协议位为imap，建议这种数据从这里过滤掉，见搜索所示，这种数据一般都是重复的，且不完整,高,功能问题,全息档案,周超,2025/7/28,是,2025/7/31,新建,@郭丽君@刘炯,20250729，glj：这应该是一个全系统邮件解析的问题，该功能定位不仅是展示邮件内容，还有一定的统计功能，个人建议不过滤此数据@熊凯@郜业涛,,,,,不影响验收,,,, , ,,,,7月,,,,,,,,,,,
69,前置接入：不处理历史数据。7月28日排查现场服务器占用高，发现7月23日数据存在未处理的问题。李思行排查发现该问题,中,功能问题,前置接入,充艺渴,2025/7/29,是,2025/8/8,已发布现场,@张伟伟@李思行@程万鹏,master新增功能，对历史PR的zip包进行删除,,,8.8,B11-807,影响验收,,,,,,,,,7月,,,,,,,,,,,
70,在PR数据中存在上下行数据单独还原的情况，src 分别是客户端和服务端，我们不能直接拿src_ip的归属地标注 活跃地,高,功能问题,全息档案,周超,2025/7/29,是,2025/7/31,处理中,@郭丽君@刘炯@彭霞@汪凯,1、请全息档案、线索侦查等排查相关设计@充艺渴@张伟伟,实验室无测试条件,,,,影响验收,,,, , ,,,,7月,,,,,,,,,,,
71,在迁移C1局点的mysql时发现，为何94.1这个mysql会频繁宕机。是由于t_scan_info 表的更新操作太频繁，2个月大概更新了5000万次，导致mysql的日志文件高达75G。建议优化这个表的操作，有修改才更新的方式。,高,稳定性问题,前置接入,沈涛,2025/7/29,是,2025/8/4,新建,@李思行@程万鹏@充艺渴,"1.t_scan_info 表的更新操作太频繁
2.未配置mysql日志过期策略",,,8.8,B11-807,影响验收,,,, ,,,,,7月,,,,,,,,,,,
72,线索侦查模型页面，标签信息出现未知,高,功能问题,线索侦查,周超,2025/7/29,是,2025/8/10,已处理,@彭霞@汪凯,"20250731：初步怀疑是之前版本中有对标签做删除、调整，导致历史模型已有标签画像中标签未知导致，之前版本上线前已确认，用户并没有模型新建。超哥请确认该模型新建时间--lm
20250801：由于代码中标签类型",,,8.7,B11-807,不影响验收,,,, ,,,,,7月,,,,,,,,,,,
73,"tool协议不可以搜索imsi这个字段内容.im协议可以
我们应该梳理一下所有协议哪些字段应该可以被搜索的，类似imsi这个字段，属于公共字段，有些协议能搜索，有些协议不能搜索到是不应该的",高,功能问题,综合搜索,周超,2025/7/29,是,2025/8/10,新建,@彭霞@郜业涛@张伟伟,"原因：高级搜索中设计如此@周超：
1.手机相关的筛选器支持IMSI，Phone\MobileNetlog\MobileLocation+Terminal
2.其他筛选器是通过MobileRadius找移动网数据，MAC\IMEI辅助查询
综合搜索中可索引字段都支持搜索且是沿用6.2可搜索字段。(6.4的需求规格领导决策是增量规格，未写的功能都是沿用6.2效果)

方案：所有协议支持IMSI,IMEI可视化和搜索能力。@周超@彭霞",,,8.7,B11-807,影响验收,,,,,,,,,7月,,,,,,,,,,,
74,mobileradius数据imei字段可以搜索，但是页面上无法展示,高,功能问题,综合搜索,周超,2025/7/29,是,2025/8/10,处理中,@彭霞@郜业涛@张伟伟,经查，可视化字段中，已设计为可视化。需要项目侧对齐需求设计。@周超@彭霞,,,8.7,B11-807,影响验收,,,,,,,,,,,,,,,,,,,,
75,如右图所示，下发线索侦查 radius认证号码为213654731472，时间选择为8-1号。当协议选择所有pr协议的时候，模型统计数量为506；当协议只选择http、sns、im、shoping时候，数据统计数量为562，需要排查,高,功能问题,线索侦查,周超,2025/8/3,是,2025/8/10,定位中,@彭霞@李思行@沈涛@柳铭,"20250807，glj：@李中华请组织排查下原因

lsx:线索侦查的后端，对标签数量做了限制，现在是10个。勾选全部PR协议时，会过滤掉一些，导致查询结果不准",,,,,影响验收,,,, , , , ,,,,,,,,,,,,,
76,移动网radius号码213661707390在综合搜索搜索的数量和在专题目标查询的数据量不一致。号码：213661707390； 时间：8-1,高,功能问题,综合搜索,周超,2025/8/3,是,2025/8/10,处理中,@彭霞@李思行@沈涛@郭丽君,"@周超8-4，cyk：建议在高级搜索中，指定认证账号对比测试下. 【高级搜索比对了，和综合搜索数据一致】
汪凯：需要根据综合搜索对应协议的数据量和目标专题进行对比，找出对应 是哪个协议不一致。目标专题的数据来源表是（http、email、remotectrl来源ODS 归档表，其余协议来源doris 的dwd 表）
20250807，glj：@周超排查方向：(1)数据超过最大时延；(2)生产任务丢数据；（3）数据重复;（4）业务查询问题
1、先确定是哪些协议类型不一致，方法如下：
综合搜索结果切换列表展示，可看到命中协议的数据条数，与目标数据调取专题-协议分布相应的协议对比
2、有差异的协议在ods层相应的store表根据capture_day = '2025-08-01' and auth_account = '213661707390'进行查询，检查数据条数及data_id是否有重复，再与步骤1反应的业务查询的数据条数进行比对
3、有差异的协议在dwd层相应的store表根据insert_day BETWEEN '2025-08-01' and '2025-08-03' and capture_day = '2025-08-01' and auth_account = '213661707390'进行查询，检查数据条数及data_id是否有重复，再与步骤1、2进行比对
8-8:【周超回复：经过现场排查，email协议数据量不一致导致的，在ods层中email的数据量为722，在dwd层中email的数据量为649；email协议数据在dwd层是有过滤的，专题业务查询的是ods层】",,,,,,,,, , ,,,,,,,,,,,,,,,
77,移动网radius号码213659446400在综合搜索搜索的数量和在统计分析查询的数据量不一致,高,功能问题,综合搜索,周超,2025/8/3,是,2025/8/10,定位中,@彭霞@李思行@沈涛,"@周超8-4，cyk：请确认下统计分析的查询条件，是否包含了NF数据范围。综合搜索中未包含NF数据。
20250807，glj：@周超统计分析的上网用户只统计NF的数据，综合搜索只接入PR数据
需要解释清楚为什么PR数据与NF数据不一致@充艺渴",,,,,,,,, , ,,,,,,,,,,,,,,,
78,如右图所示，在报表中查看213659446400用户的应用列表类型有isappcloud；但是在全息档案同时间段的应用列表，没有该应用：号码条件：213659446400 ，时间7-30到7-31,高,功能问题,全息档案,周超,2025/8/3,是,2025/8/10,处理中,@郭丽君@鲍林@黄文俊,"20250807，glj：@周超1、全息该功能点默认展示非阻断的应用列表，故需要排查两个点，(1)是否在ods层有数据；(2)是否都是阻断数据；请排查下ods层的归档表是否有该应用的数据，sql如下：select
	app_name ,
	app_type ,
	net_action,
	capture_day ,
	capture_hour ,
	from_unixtime(CAST(insert_time / 1000 AS BIGINT), 'yyyy-MM-dd HH:mm:ss')
from
	v64_deye_dw_ods.ods_nf_other_log_store
where
	capture_day BETWEEN '2025-07-30' and '2025-07-31'
	and user_name = '213659446400'
	and lower(app_name)= 'isappcloud';

select
	app_name ,
	app_type ,
	net_action,
	capture_day ,
	capture_hour ,
	from_unixtime(CAST(insert_time / 1000 AS BIGINT), 'yyyy-MM-dd HH:mm:ss')
from
	v64_deye_dw_ods.ods_nf_url_store
where
	capture_day BETWEEN '2025-07-30' and '2025-07-31'
	and user_name = '213659446400'
	and lower(app_name)= 'isappcloud';
如果上述查询结果有数据，且net_action是非阻断，则全息业务表丢数据了；如果上述查询无数据，则可能是流量链路跟行为链路数据不一致导致

8-8：经查，ods_nf_time_count_store有isappcloud这个应用类型，但是在ods_nf_other_log_store和ods_nf_url_store同时间段没有isappcloud这个应用类型。需要网数据源头追查",,,,,,,,, , ,,,,,,,,,,,,,,,
79,"在综合搜索中选择所有pr协议，时间选择8-1日，搜索固网radius账号zlf20075403；认证类型选择固网radius认证，搜索的条数为24,632 ；在线索侦查选择所有协议，时间选择8-1，认证号码为zlf20075403，线索查询到的条数为23971；数据不一致。初步排查，线索侦查某些协议没有查到数据，待仔细排查",高,功能问题,线索侦查,周超,2025/8/4,是,2025/8/10,新建,@彭霞@李思行@汪凯,"px：初步排查线索侦查tool、vpn、Terminal查不到
@李中华请协调排查

lsx0815:
1、线索侦查对标签有做过滤，只会查询10个标签，这个问题需要解决。
2、线索侦查是针对认证账号做的精确查询，搜索是对commonText字段做的分词模糊匹配，两者查询的范围就不一致，不能拿来对比",,,,,影响验收,,,, , , ,,,,,,,,,,,,,,
80,综合搜索中搜索邮箱ztourabi@marslogistique.com，时间选择8-1；在高级搜索中搜索邮箱ztourabi@marslogistique.com，时间选择8-1；发现命中结果不一致，筛选附件，两边不一致,高,功能问题,综合搜索,周超,2025/8/4,是,2025/8/10,已关闭,@彭霞@李思行@沈涛,"@周超过滤垃圾邮件、过滤伪造邮件的参数是否一致？
一致啊@彭霞
@李中华请协调排查
8-10：现场观察确实是由于命中其它字段导致的不一致，此问题先关闭",,,,,影响验收,,,, , , ,,,,,,,,,,,,,,
81,现场ES单节点宕掉，影响大，经排查是telnet协议有一条数据，触发了分词器bug。需尽早解决,高,稳定性问题,基础容器,沈涛,2025/8/5,是,2025/8/5,定位中,@刘浩@充艺渴@张伟伟,"ods_pr_telnet_store_202508051029.csv  数据详情，期望在入库时进行特殊字符串过滤，现场直接调整
@充艺渴@刘浩其它的协议都不需要针对这些异常场景做处理吗？",,,,,影响验收,稳定性问题,,, ,,,,,,,,,,,,,,,,
82,PR采集适配器，由于data1/pr-collect/temp/detector_error目录较大，导致程序卡死。加载内存为该目录*处理线程数，远超JVM内存。top可见程序基本不处理,高,稳定性问题,前置接入,沈涛,2025/8/5,是,2025/8/8,已发布现场,@充艺渴@张伟伟@李思行,data1/pr-collect/temp/detector_error目录较大，导致程序卡死,,,,B11-807,影响验收,稳定性问题,,,,,,,,,,,,,,,,,,,
83,"案件实时用户线索用户审批之后一直是审批处理中，未能变成在控，经过李中华排查后，重启以下服务恢复正常：
192.168.13.86：/data/whale_prewarning；
服务日志如右图所示，详细日志已经同步回传给中华了",高,稳定性问题,QK平台,周超,2025/8/5,是,2025/8/8,处理中,@李中华@充艺渴,lizh: prewarning连接mysql和mongo时未使用连接池，当连接空闲超过mysql或mongo的最大超时时间后会被服务端断开，客户端未检测或重建连接，导致报错。需要优化连接超时时间。cyk联系XY处理。,,,,,影响验收,稳定性问题,,,info.zip, ,,,,,,,,,,,,,,,
84,如图所示，搜索ip地址51.38.37.188；出现了名称为ip地址的网站档案，这类档案在全息档案中.网站档案中是否不应该出现这类档案,高,功能问题,全息档案,周超,2025/8/5,是,2025/8/8,已关闭,@郭丽君@黄文俊,"@熊凯是否优化？
@周超@熊凯08-06，cyk：ip地址作为网站，是存在的
8-7，xk：IP作为网站是可能存在的，例如部分固定IP地址就作为了服务端。回到此例，若此IP实际上是个客户端的上网IP则不应该为网站档案。建议进一步分析@周超",,,,,不影响验收,,,, ,,,,,,,,,,,,,,,,
85,如图所示，号码档案213661707390的采集时间为27-07-2025；但是查看数据时间8-1到8-5每天都有数据。经过刘浩初步排查，发现在7-25号的topn更新任务一直在运行卡死了，持续了11day，未有超时机制,高,功能问题,全息档案,周超,2025/8/5,是,2025/8/8,处理中,@郭丽君@黄文俊@刘浩@充艺渴,"1、topn更新任务从7.25号开始卡死，导致后续小时更新调度一直没生效；
2、天更新任务由于最近号码数据量增长过快，并行读取时设置的上限不够，导致部分数据未被读到；
@刘浩如何避免后续不再出现类似问题",,,,,影响验收,稳定性问题,,, ,,,,,,,,,,,,,,,,
86,固定ip档案41.110.21.245的活跃统计没有统计到，NF数据没有统计到。需要查一查,高,功能问题,全息档案,周超,2025/8/5,是,2025/8/8,处理中,@郭丽君@沈涛,"20250807，glj:@周超活跃次数统计的是NF行为次数(有小括号说明)，而圈起来的折线图默认展示的是PR统计(可切换NF)，是否本来就没有NF数据呢？
select
	count(1) ,
	max(insert_time - capture_time),
	min(insert_time - capture_time)
from
	v64_deye_dw_ods.ods_nf_other_log_store
where
	capture_day >= '2025-08-04'
	and capture_day <= '2025-08-06'
	and (strsrc_ip = '41.110.21.245'
	or strdst_ip = '41.110.21.245');

select
	count(1) ,
	max(insert_time - capture_time),
	min(insert_time - capture_time)
from
	v64_deye_dw_ods.ods_nf_url_store
where
	capture_day >= '2025-08-04'
	and capture_day <= '2025-08-06'
	and (strsrc_ip = '41.110.21.245'
	or strdst_ip = '41.110.21.245');

@沈涛有空了查一查
0807：查到的相关数据的username均为bluser-office1，且bluser-office1通过前缀识别这个账号是白名单，不会走后面固定ip关联的逻辑
@郜业涛@郭丽君为什么活跃次数不统计pr的数据@熊凯",,,,,不影响验收,解释性问题,,, ,,,,,,,,,,,,,,,,
87,案件实时日志详情-tp-link  41.110.21.242active没有数据。别的地址41.110.21.245都有数据,高,功能问题,案件系统,周超,2025/8/7,是,2025/8/8,定位中,@沈涛,@沈涛需要排查一下,,,,,,,,, ,,,,,,,,,,,,,,,,
88,"dwd_sms_store具有dataid重复的数据，但是去ods层归档表查询没有重复的数据，怀疑dwd归档任务导致了数据重复SELECT
	*
FROM
	v64_deye_dw_ods.ods_call_store 
where
	capture_day BETWEEN '2025-08-08' and '2025-08-08'
	and (data_id = '1403484241814708255')",高,功能问题,数据治理,周超,2025/8/7,是,2025/8/8,新建,@程万鹏@刘浩,同步出现了kafka offset提交超时的现象，请@充艺渴输出排查结果,,,,,,,,, , ,,,,,,,,,,,,,,,
89,"全息档案固网radius档案虚拟账号活跃次数统计和点进去统计不一致：排查结果如下：
数据从dwd_pr_telnet_store归档到了dwd_lis_others丢失了，详情见截图所示
SELECT
	*
FROM
	v64_deye_dw_dwd.dwd_pr_telnet_store 
where
	insert_day BETWEEN '2025-08-09' and '2025-08-09'
	and auth_account = '038559642'
	and username = 'c'

SELECT
	*
FROM
	dwd.dwd_lis_others
WHERE
	capture_day between '2025-08-09' and '2025-08-09'
	AND norm_data_type in (108)
	AND main_account = 'c'
	AND auth_account = '038559642'
	AND auth_type = 1020001
limit 100 offset 0",高,功能问题,全息档案,周超,2025/8/7,是,2025/8/8,新建,@刘浩@黄文俊@郭丽君,"8-12，cyk：经过对比分析，由于password长度大于16（schema中的配置）后，数据被过滤掉。解决问题措施，建议调整shema长度为128。
8-12：全息档案的统计和下钻一致性非常难以统计一致性。统计属于一张表，下钻查的另外的表。对任务的要求极高。难以保证系统内的一致性。请@沈涛@黄文俊@郭丽君关注此问题。",,,,, ,,,,dwd_pr_telnet_store.csv,dwd_lis_others.csv,,,,,,,,,,,,,,,
90,1、综合搜索http协议搜索命中到了http协议的附件字段，在详情页面展示http附件字段展示效果差，详见附图所示,高,功能问题,综合搜索,周超,2025/8/7,是,2025/8/8,新建,@彭霞@李思行,,,,,,,,,"@周超附件下载回来看看
@李思行见右侧", ,1754877313-00029C1E3F-0000339066 (1).txt,,,,,,,,,,,,,,,
91,http协议的高级搜索中，默认展示 域名和url输入框是and关系；应该在大部分用户使用场景下，这里用户只会输入一个，这个只能是and输入两个不符合常规使用习惯，不易用,高,功能问题,综合搜索,周超,2025/8/7,是,2025/8/8,待现场确认,@郜业涛@熊凯@彭霞, ,,,,,,,,@周超@彭霞建议书中描述的功能(见问题原因列截图)，建议维持现状，先满足验收；此条件为配置型开发，去掉一个条件非常容易。, ,,,,,,,,,,,,,,,,
,,,,,,,,,,,,,,,,,,,,,,,,,,,,,,,,,,,,
,,,,,,,,,,,,,,,,,,,,,,,,,,,,,,,,,,,,
,,,,,,,,,,,,,,,,,,,,,,,,,,,,,,,,,,,,
,,,,,,,,,,,,,,,,,,,,,,,,,,,,,,,,,,,,
,,,,,,,,,,,,,,,,,,,,,,,,,,,,,,,,,,,,
,,,,,,,,,,,,,,,,,,,,,,,,,,,,,,,,,,,,
,,,,,,,,,,,,,,,,,,,,,,,,,,,,,,,,,,,,
,,,,,,,,,,,,,,,,,,,,,,,,,,,,,,,,,,,,
,,,,,,,,,,,,,,,,,,,,,,,,,,,,,,,,,,,,
,,,,,,,,,,,,,,,,,,,,,,,,,,,,,,,,,,,,
,,,,,,,,,,,,,,,,,,,,,,,,,,,,,,,,,,,,
,,,,,,,,,,,,,,,,,,,,,,,,,,,,,,,,,,,,
,,,,,,,,,,,,,,,,,,,,,,,,,,,,,,,,,,,,
,,,,,,,,,,,,,,,,,,,,,,,,,,,,,,,,,,,,
,,,,,,,,,,,,,,,,,,,,,,,,,,,,,,,,,,,,
,,,,,,,,,,,,,,,,,,,,,,,,,,,,,,,,,,,,
,,,,,,,,,,,,,,,,,,,,,,,,,,,,,,,,,,,,
,,,,,,,,,,,,,,,,,,,,,,,,,,,,,,,,,,,,
,,,,,,,,,,,,,,,,,,,,,,,,,,,,,,,,,,,,
,,,,,,,,,,,,,,,,,,,,,,,,,,,,,,,,,,,,
,,,,,,,,,,,,,,,,,,,,,,,,,,,,,,,,,,,,
,,,,,,,,,,,,,,,,,,,,,,,,,,,,,,,,,,,,
,,,,,,,,,,,,,,,,,,,,,,,,,,,,,,,,,,,,
,,,,,,,,,,,,,,,,,,,,,,,,,,,,,,,,,,,,
,,,,,,,,,,,,,,,,,,,,,,,,,,,,,,,,,,,,
,,,,,,,,,,,,,,,,,,,,,,,,,,,,,,,,,,,,
,,,,,,,,,,,,,,,,,,,,,,,,,,,,,,,,,,,,
,,,,,,,,,,,,,,,,,,,,,,,,,,,,,,,,,,,,
,,,,,,,,,,,,,,,,,,,,,,,,,,,,,,,,,,,,
,,,,,,,,,,,,,,,,,,,,,,,,,,,,,,,,,,,,
,,,,,,,,,,,,,,,,,,,,,,,,,,,,,,,,,,,,
,,,,,,,,,,,,,,,,,,,,,,,,,,,,,,,,,,,,
,,,,,,,,,,,,,,,,,,,,,,,,,,,,,,,,,,,,
,,,,,,,,,,,,,,,,,,,,,,,,,,,,,,,,,,,,
,,,,,,,,,,,,,,,,,,,,,,,,,,,,,,,,,,,,
,,,,,,,,,,,,,,,,,,,,,,,,,,,,,,,,,,,,
,,,,,,,,,,,,,,,,,,,,,,,,,,,,,,,,,,,,
,,,,,,,,,,,,,,,,,,,,,,,,,,,,,,,,,,,,
,,,,,,,,,,,,,,,,,,,,,,,,,,,,,,,,,,,,
,,,,,,,,,,,,,,,,,,,,,,,,,,,,,,,,,,,,
,,,,,,,,,,,,,,,,,,,,,,,,,,,,,,,,,,,,
,,,,,,,,,,,,,,,,,,,,,,,,,,,,,,,,,,,,
,,,,,,,,,,,,,,,,,,,,,,,,,,,,,,,,,,,,
,,,,,,,,,,,,,,,,,,,,,,,,,,,,,,,,,,,,
,,,,,,,,,,,,,,,,,,,,,,,,,,,,,,,,,,,,
,,,,,,,,,,,,,,,,,,,,,,,,,,,,,,,,,,,,
,,,,,,,,,,,,,,,,,,,,,,,,,,,,,,,,,,,,
,,,,,,,,,,,,,,,,,,,,,,,,,,,,,,,,,,,,
,,,,,,,,,,,,,,,,,,,,,,,,,,,,,,,,,,,,
,,,,,,,,,,,,,,,,,,,,,,,,,,,,,,,,,,,,
,,,,,,,,,,,,,,,,,,,,,,,,,,,,,,,,,,,,
,,,,,,,,,,,,,,,,,,,,,,,,,,,,,,,,,,,,
,,,,,,,,,,,,,,,,,,,,,,,,,,,,,,,,,,,,
,,,,,,,,,,,,,,,,,,,,,,,,,,,,,,,,,,,,
,,,,,,,,,,,,,,,,,,,,,,,,,,,,,,,,,,,,
,,,,,,,,,,,,,,,,,,,,,,,,,,,,,,,,,,,,
,,,,,,,,,,,,,,,,,,,,,,,,,,,,,,,,,,,,
,,,,,,,,,,,,,,,,,,,,,,,,,,,,,,,,,,,,
,,,,,,,,,,,,,,,,,,,,,,,,,,,,,,,,,,,,
,,,,,,,,,,,,,,,,,,,,,,,,,,,,,,,,,,,,
,,,,,,,,,,,,,,,,,,,,,,,,,,,,,,,,,,,,
,,,,,,,,,,,,,,,,,,,,,,,,,,,,,,,,,,,,
,,,,,,,,,,,,,,,,,,,,,,,,,,,,,,,,,,,,
,,,,,,,,,,,,,,,,,,,,,,,,,,,,,,,,,,,,
,,,,,,,,,,,,,,,,,,,,,,,,,,,,,,,,,,,,
,,,,,,,,,,,,,,,,,,,,,,,,,,,,,,,,,,,,
,,,,,,,,,,,,,,,,,,,,,,,,,,,,,,,,,,,,
,,,,,,,,,,,,,,,,,,,,,,,,,,,,,,,,,,,,
,,,,,,,,,,,,,,,,,,,,,,,,,,,,,,,,,,,,
,,,,,,,,,,,,,,,,,,,,,,,,,,,,,,,,,,,,
,,,,,,,,,,,,,,,,,,,,,,,,,,,,,,,,,,,,
,,,,,,,,,,,,,,,,,,,,,,,,,,,,,,,,,,,,
,,,,,,,,,,,,,,,,,,,,,,,,,,,,,,,,,,,,
,,,,,,,,,,,,,,,,,,,,,,,,,,,,,,,,,,,,
,,,,,,,,,,,,,,,,,,,,,,,,,,,,,,,,,,,,
,,,,,,,,,,,,,,,,,,,,,,,,,,,,,,,,,,,,
,,,,,,,,,,,,,,,,,,,,,,,,,,,,,,,,,,,,
,,,,,,,,,,,,,,,,,,,,,,,,,,,,,,,,,,,,
,,,,,,,,,,,,,,,,,,,,,,,,,,,,,,,,,,,,
,,,,,,,,,,,,,,,,,,,,,,,,,,,,,,,,,,,,
,,,,,,,,,,,,,,,,,,,,,,,,,,,,,,,,,,,,
,,,,,,,,,,,,,,,,,,,,,,,,,,,,,,,,,,,,
,,,,,,,,,,,,,,,,,,,,,,,,,,,,,,,,,,,,
,,,,,,,,,,,,,,,,,,,,,,,,,,,,,,,,,,,,
,,,,,,,,,,,,,,,,,,,,,,,,,,,,,,,,,,,,
,,,,,,,,,,,,,,,,,,,,,,,,,,,,,,,,,,,,
,,,,,,,,,,,,,,,,,,,,,,,,,,,,,,,,,,,,
,,,,,,,,,,,,,,,,,,,,,,,,,,,,,,,,,,,,
,,,,,,,,,,,,,,,,,,,,,,,,,,,,,,,,,,,,
,,,,,,,,,,,,,,,,,,,,,,,,,,,,,,,,,,,,
,,,,,,,,,,,,,,,,,,,,,,,,,,,,,,,,,,,,
,,,,,,,,,,,,,,,,,,,,,,,,,,,,,,,,,,,,
,,,,,,,,,,,,,,,,,,,,,,,,,,,,,,,,,,,,
,,,,,,,,,,,,,,,,,,,,,,,,,,,,,,,,,,,,
,,,,,,,,,,,,,,,,,,,,,,,,,,,,,,,,,,,,
,,,,,,,,,,,,,,,,,,,,,,,,,,,,,,,,,,,,
,,,,,,,,,,,,,,,,,,,,,,,,,,,,,,,,,,,,
,,,,,,,,,,,,,,,,,,,,,,,,,,,,,,,,,,,,
,,,,,,,,,,,,,,,,,,,,,,,,,,,,,,,,,,,,
,,,,,,,,,,,,,,,,,,,,,,,,,,,,,,,,,,,,
,,,,,,,,,,,,,,,,,,,,,,,,,,,,,,,,,,,,
,,,,,,,,,,,,,,,,,,,,,,,,,,,,,,,,,,,,
,,,,,,,,,,,,,,,,,,,,,,,,,,,,,,,,,,,,
,,,,,,,,,,,,,,,,,,,,,,,,,,,,,,,,,,,,
,,,,,,,,,,,,,,,,,,,,,,,,,,,,,,,,,,,,
,,,,,,,,,,,,,,,,,,,,,,,,,,,,,,,,,,,,
,,,,,,,,,,,,,,,,,,,,,,,,,,,,,,,,,,,,
,,,,,,,,,,,,,,,,,,,,,,,,,,,,,,,,,,,,
,,,,,,,,,,,,,,,,,,,,,,,,,,,,,,,,,,,,
,,,,,,,,,,,,,,,,,,,,,,,,,,,,,,,,,,,,
,,,,,,,,,,,,,,,,,,,,,,,,,,,,,,,,,,,,
,,,,,,,,,,,,,,,,,,,,,,,,,,,,,,,,,,,,
,,,,,,,,,,,,,,,,,,,,,,,,,,,,,,,,,,,,
,,,,,,,,,,,,,,,,,,,,,,,,,,,,,,,,,,,,
,,,,,,,,,,,,,,,,,,,,,,,,,,,,,,,,,,,,
